{
    "x": -2042.1297607421875,
    "y": 29.00830078125,
    "z": 1556.065185546875,
    "rot_x": 0.0550009161233902,
    "rot_y": 3.7100932598114014,
    "rot_z": 0.0
}